{
    "name": "Kotlin-JS-Python Development Container",
    "build": {
        "dockerfile": "Dockerfile",
        "context": ".."
    },

    "customizations": {
		"vscode": {
			"extensions": [
				"html-validate.vscode-html-validate",
				"dbaeumer.vscode-eslint",
				"vsls-contrib.gitdoc",
				"ms-vsliveshare.vsliveshare-pack",
                "ms-python.python",
                "esbenp.prettier-vscode",
                "vscjava.vscode-java-pack",
                "ms-azuretools.vscode-docker",
                "fwcd.kotlin"
			],

            "settings": {
                "terminal.integrated.shell.linux": "/bin/bash"
            }
		}
	},


    "postCreateCommand": "nvm install --lts && npm install",
    "remoteUser": "root",
    "forwardPorts": [8089],
    "workspaceFolder": "/app"
}