{
    "0": {
        "0": 1,
        "1": 60,
        "2": 32,
        "3": 208,
        "4": 32,
        "5": 2,
        "6": 34,
        "7": 4,
        "8": 3,
        "9": 67,
        "10": 18,
        "11": 16,
        "12": 19,
        "13": 38,
        "14": 9,
        "15": 103,
        "16": 4,
        "17": 79,
        "18": 6,
        "19": 88,
        "20": 15,
        "21": 41,
        "22": 188,
        "23": 86,
        "24": 15,
        "25": 17,
        "26": 15,
        "27": 29,
        "28": 62,
        "29": 3,
        "30": 9,
        "31": 21,
        "32": 1,
        "33": 3,
        "34": 6,
        "35": 8,
        "36": 14,
        "37": 4,
        "38": 13,
        "39": 12,
        "40": 3,
        "41": 2,
        "42": 29,
        "43": 7,
        "44": 57,
        "45": 3,
        "46": 44,
        "47": 72,
        "48": 5,
        "49": 3,
        "50": 9,
        "51": 11,
        "52": 4,
        "53": 8,
        "54": 29,
        "55": 13,
        "56": 6,
        "57": 4,
        "58": 11,
        "59": 17,
        "60": 3,
        "61": 2,
        "62": 17,
        "63": 12,
        "64": 10,
        "65": 4,
        "66": 8,
        "67": 1,
        "68": 1,
        "69": 14,
        "70": 2,
        "71": 2,
        "72": 17,
        "73": 6,
        "74": 4,
        "75": 21,
        "76": 17,
        "77": 7,
        "78": 6,
        "79": 3,
        "80": 8,
        "81": 14,
        "82": 3,
        "83": 3,
        "84": 8,
        "85": 4,
        "87": 3,
        "88": 2,
        "89": 13,
        "90": 5,
        "91": 2,
        "92": 22,
        "93": 2,
        "94": 4,
        "95": 15,
        "96": 1,
        "97": 2,
        "98": 1,
        "99": 11,
        "100": 1,
        "101": 1,
        "102": 1,
        "103": 1,
        "104": 1,
        "105": 9,
        "106": 20,
        "107": 2,
        "108": 2,
        "109": 2,
        "110": 29,
        "111": 17,
        "112": 2,
        "113": 20,
        "114": 3,
        "115": 1,
        "116": 2,
        "117": 3,
        "118": 2,
        "119": 2,
        "120": 2,
        "121": 2,
        "122": 128,
        "123": 43,
        "124": 11,
        "125": 39,
        "126": 1,
        "127": 14,
        "128": 4,
        "129": 2,
        "130": 2,
        "131": 3,
        "132": 2,
        "133": 1,
        "134": 1,
        "135": 1,
        "136": 4,
        "137": 12,
        "138": 1,
        "139": 29,
        "140": 30,
        "141": 5,
        "142": 3,
        "143": 22,
        "144": 6,
        "145": 3,
        "146": 3,
        "147": 5,
        "148": 17,
        "149": 6,
        "150": 2,
        "151": 11,
        "152": 1,
        "153": 2,
        "154": 1,
        "155": 12,
        "156": 13,
        "157": 8,
        "158": 32,
        "159": 1,
        "160": 1,
        "164": 7,
        "165": 5,
        "166": 4,
        "167": 1,
        "168": 1,
        "169": 2,
        "170": 1,
        "171": 8,
        "172": 54,
        "173": 1,
        "174": 3,
        "175": 2,
        "176": 1,
        "177": 7,
        "178": 15,
        "179": 8,
        "180": 11,
        "181": 15,
        "182": 3,
        "183": 29,
        "184": 2,
        "185": 19,
        "186": 1,
        "187": 5,
        "188": 9,
        "189": 10,
        "190": 2,
        "191": 4,
        "192": 21,
        "193": 2,
        "194": 18,
        "195": 3,
        "196": 13,
        "197": 12,
        "199": 16,
        "200": 1,
        "201": 18,
        "202": 1,
        "203": 2,
        "204": 27,
        "205": 25,
        "206": 20,
        "207": 4,
        "210": 4,
        "211": 7,
        "212": 2,
        "213": 5,
        "215": 4,
        "216": 5,
        "219": 1,
        "220": 2,
        "221": 3,
        "222": 2,
        "223": 2,
        "224": 1,
        "225": 37,
        "226": 10,
        "227": 7,
        "228": 2,
        "229": 1,
        "230": 11,
        "231": 6,
        "232": 1,
        "233": 10,
        "234": 1,
        "235": 4,
        "236": 4,
        "237": 13,
        "238": 2,
        "243": 4,
        "245": 1,
        "246": 1,
        "247": 42,
        "248": 1,
        "249": 1,
        "250": 6,
        "251": 1,
        "252": 1,
        "253": 1,
        "255": 1,
        "258": 1,
        "259": 1,
        "260": 4,
        "262": 1,
        "263": 2,
        "264": 2,
        "265": 2,
        "266": 3,
        "267": 1,
        "268": 1,
        "269": 1,
        "270": 1,
        "271": 1,
        "272": 1,
        "273": 2,
        "274": 1,
        "275": 1,
        "276": 1,
        "277": 1,
        "278": 1,
        "279": 1,
        "280": 1,
        "281": 2,
        "282": 1,
        "284": 1,
        "285": 1,
        "286": 1,
        "287": 1,
        "292": 1,
        "293": 1,
        "294": 1,
        "295": 1,
        "296": 1,
        "319": 1,
        "320": 1,
        "321": 1,
        "322": 1,
        "323": 2,
        "324": 1
    },
    "1": {
        "45": 1
    },
    "2": {
        "33": 1,
        "3": 5,
        "36": 2,
        "9": 5,
        "10": 1,
        "43": 2,
        "44": 2,
        "15": 2,
        "47": 1,
        "48": 1,
        "17": 2,
        "50": 1,
        "19": 1,
        "85": 1,
        "21": 1,
        "86": 1,
        "22": 1,
        "89": 2
    },
    "3": {
        "48": 1,
        "17": 1,
        "1": 3,
        "3": 2,
        "19": 1,
        "36": 1,
        "22": 2,
        "9": 1,
        "43": 1,
        "44": 1,
        "60": 1
    },
    "4": {
        "27": 1,
        "12": 1,
        "63": 1,
        "15": 1
    },
    "5": {
        "45": 1
    },
    "6": {
        "128": 3,
        "2": 1,
        "130": 1,
        "3": 18,
        "4": 3,
        "9": 19,
        "137": 2,
        "139": 4,
        "140": 2,
        "141": 1,
        "143": 2,
        "15": 7,
        "16": 1,
        "144": 2,
        "17": 9,
        "146": 2,
        "19": 7,
        "147": 2,
        "148": 2,
        "21": 2,
        "22": 14,
        "23": 7,
        "152": 1,
        "25": 2,
        "26": 1,
        "155": 1,
        "28": 6,
        "156": 2,
        "157": 1,
        "158": 4,
        "159": 1,
        "36": 3,
        "42": 4,
        "170": 1,
        "43": 2,
        "44": 7,
        "172": 6,
        "173": 2,
        "45": 1,
        "46": 2,
        "47": 7,
        "175": 1,
        "48": 1,
        "177": 5,
        "50": 1,
        "178": 2,
        "179": 4,
        "52": 1,
        "180": 1,
        "181": 3,
        "182": 1,
        "183": 4,
        "185": 2,
        "58": 1,
        "187": 3,
        "188": 1,
        "189": 2,
        "190": 2,
        "63": 2,
        "191": 3,
        "192": 2,
        "194": 2,
        "195": 1,
        "196": 2,
        "69": 3,
        "197": 2,
        "199": 3,
        "72": 2,
        "200": 2,
        "201": 4,
        "202": 1,
        "75": 2,
        "76": 4,
        "204": 4,
        "205": 2,
        "79": 1,
        "208": 1,
        "209": 1,
        "85": 5,
        "92": 1,
        "93": 1,
        "95": 2,
        "97": 1,
        "99": 2,
        "106": 5,
        "107": 2,
        "108": 1,
        "110": 2,
        "111": 1,
        "112": 2,
        "113": 1,
        "122": 9,
        "123": 7,
        "124": 1,
        "125": 3
    },
    "7": {
        "64": 1,
        "17": 1,
        "3": 1,
        "19": 1,
        "45": 1
    },
    "8": {
        "63": 1
    },
    "9": {
        "92": 1
    },
    "10": {
        "0": 1,
        "1": 1,
        "3": 26,
        "4": 3,
        "6": 6,
        "9": 11,
        "11": 1,
        "12": 4,
        "13": 6,
        "15": 22,
        "17": 4,
        "19": 4,
        "22": 20,
        "23": 5,
        "26": 1,
        "28": 9,
        "31": 2,
        "42": 3,
        "43": 4,
        "44": 13,
        "46": 1,
        "47": 8,
        "48": 2,
        "54": 1,
        "55": 3,
        "58": 4,
        "59": 1,
        "62": 1,
        "63": 2,
        "67": 1,
        "68": 1,
        "69": 12,
        "72": 2,
        "75": 4,
        "76": 3,
        "79": 1,
        "81": 4,
        "85": 3,
        "87": 1,
        "92": 8,
        "93": 1,
        "94": 1,
        "95": 2,
        "99": 3,
        "106": 4,
        "107": 4,
        "110": 4,
        "111": 3,
        "113": 1,
        "122": 16,
        "123": 8,
        "125": 5,
        "127": 2,
        "128": 5,
        "131": 1,
        "137": 4,
        "138": 1,
        "139": 3,
        "140": 3,
        "141": 6,
        "143": 3,
        "144": 2,
        "145": 1,
        "146": 2,
        "147": 2,
        "148": 2,
        "149": 2,
        "156": 3,
        "158": 1,
        "165": 1,
        "172": 7,
        "175": 1,
        "177": 5,
        "178": 4,
        "179": 2,
        "180": 2,
        "181": 2,
        "182": 4,
        "183": 10,
        "185": 4,
        "187": 3,
        "190": 2,
        "191": 1,
        "192": 3,
        "194": 1,
        "196": 3,
        "198": 1,
        "199": 4,
        "201": 12,
        "203": 1,
        "204": 3,
        "214": 1,
        "215": 1,
        "216": 1,
        "217": 1,
        "218": 1,
        "219": 1,
        "220": 1,
        "221": 1,
        "222": 1,
        "223": 1,
        "224": 1,
        "225": 1,
        "226": 1
    },
    "11": {
        "1": 1,
        "66": 2,
        "4": 1,
        "6": 1,
        "72": 1,
        "9": 1,
        "139": 1,
        "140": 1,
        "80": 1,
        "81": 1,
        "17": 2,
        "82": 1,
        "19": 2,
        "21": 1,
        "22": 1,
        "23": 1,
        "89": 1,
        "155": 1,
        "28": 1,
        "157": 1,
        "158": 1,
        "31": 1,
        "32": 2,
        "161": 2,
        "162": 2,
        "163": 1,
        "35": 1,
        "102": 1,
        "104": 1,
        "42": 1,
        "45": 1,
        "46": 1,
        "47": 1,
        "111": 1,
        "48": 1,
        "112": 1,
        "113": 1,
        "115": 2,
        "116": 1,
        "54": 1,
        "55": 2,
        "58": 1,
        "61": 1,
        "62": 2
    },
    "12": {
        "1": 1,
        "63": 1
    },
    "13": {
        "6": 1
    },
    "14": {
        "1": 1,
        "9": 1,
        "45": 1
    },
    "15": {
        "3": 1,
        "28": 1,
        "45": 1,
        "111": 1
    },
    "16": {
        "66": 1
    },
    "17": {
        "12": 1
    },
    "18": {
        "113": 1,
        "1": 3,
        "225": 1,
        "3": 1,
        "149": 1,
        "13": 1,
        "206": 1
    },
    "19": {
        "63": 1
    },
    "20": {
        "69": 1
    },
    "21": {
        "15": 1
    },
    "22": {
        "149": 1
    },
    "23": {
        "144": 1
    },
    "24": {
        "192": 3,
        "3": 7,
        "4": 1,
        "69": 1,
        "72": 1,
        "201": 2,
        "139": 1,
        "140": 2,
        "76": 1,
        "204": 1,
        "205": 1,
        "143": 1,
        "15": 2,
        "17": 1,
        "149": 1,
        "22": 3,
        "214": 1,
        "23": 3,
        "216": 1,
        "89": 1,
        "28": 2,
        "94": 1,
        "158": 2,
        "95": 1,
        "172": 2,
        "44": 3,
        "45": 1,
        "110": 2,
        "111": 2,
        "47": 3,
        "177": 2,
        "178": 1,
        "180": 1,
        "182": 1,
        "183": 2,
        "185": 1,
        "122": 3,
        "58": 1,
        "123": 1,
        "187": 1,
        "124": 1,
        "125": 2
    },
    "25": {
        "144": 1,
        "145": 1,
        "3": 1,
        "147": 1,
        "148": 1,
        "122": 1,
        "45": 1,
        "158": 1
    },
    "26": {
        "45": 1
    },
    "27": {
        "112": 1,
        "113": 1,
        "3": 1,
        "147": 1,
        "45": 1
    },
    "28": {
        "218": 1
    },
    "29": {
        "3": 1,
        "42": 1,
        "45": 1,
        "47": 1
    },
    "30": {
        "80": 1,
        "3": 1,
        "179": 1,
        "216": 1,
        "218": 1,
        "45": 1,
        "191": 1
    },
    "31": {
        "61": 2,
        "45": 1
    },
    "32": {
        "81": 2,
        "202": 1,
        "45": 1
    },
    "33": {
        "225": 1
    },
    "34": {
        "192": 1,
        "1": 5,
        "3": 4,
        "260": 4,
        "4": 1,
        "6": 1,
        "201": 1,
        "202": 1,
        "13": 3,
        "206": 1,
        "143": 1,
        "80": 1,
        "17": 2,
        "273": 1,
        "19": 1,
        "21": 1,
        "22": 23,
        "23": 1,
        "151": 1,
        "89": 1,
        "281": 1,
        "155": 3,
        "28": 1,
        "158": 3,
        "31": 1,
        "225": 3,
        "226": 1,
        "227": 2,
        "166": 2,
        "171": 1,
        "44": 4,
        "172": 1,
        "46": 2,
        "111": 1,
        "54": 1,
        "247": 1,
        "55": 1,
        "122": 14,
        "123": 2,
        "62": 1
    },
    "35": {
        "194": 1,
        "3": 1,
        "185": 1,
        "45": 1,
        "222": 1
    },
    "36": {
        "226": 1,
        "3": 1,
        "172": 1,
        "45": 1,
        "125": 1
    },
    "37": {
        "45": 1,
        "63": 1
    },
    "38": {
        "45": 1,
        "206": 1
    },
    "39": {
        "226": 1,
        "3": 1,
        "172": 1,
        "45": 1,
        "125": 1
    },
    "40": {
        "17": 1,
        "45": 1
    },
    "41": {
        "219": 1
    },
    "42": {
        "13": 1
    },
    "43": {
        "13": 1
    },
    "44": {
        "1": 1
    },
    "45": {
        "226": 2,
        "3": 2,
        "183": 1,
        "172": 2,
        "204": 1,
        "44": 1,
        "125": 2,
        "45": 1,
        "13": 1,
        "143": 1
    },
    "46": {
        "3": 1,
        "21": 1,
        "45": 1
    },
    "47": {
        "3": 6,
        "4": 3,
        "139": 4,
        "140": 4,
        "142": 1,
        "17": 11,
        "19": 9,
        "21": 8,
        "22": 10,
        "23": 5,
        "28": 3,
        "157": 2,
        "158": 2,
        "31": 6,
        "163": 1,
        "42": 11,
        "170": 1,
        "171": 1,
        "44": 6,
        "172": 3,
        "173": 1,
        "45": 1,
        "46": 4,
        "47": 6,
        "54": 1,
        "183": 3,
        "192": 1,
        "196": 1,
        "199": 1,
        "72": 2,
        "201": 2,
        "75": 1,
        "81": 2,
        "213": 1,
        "93": 1,
        "221": 1,
        "94": 2,
        "226": 1,
        "100": 1,
        "101": 1,
        "102": 1,
        "103": 1,
        "104": 1,
        "110": 1,
        "239": 1,
        "240": 1,
        "113": 1,
        "241": 1,
        "242": 1,
        "122": 1,
        "123": 6,
        "125": 2
    },
    "48": {
        "225": 2
    },
    "49": {
        "149": 1
    },
    "50": {
        "225": 2
    },
    "51": {
        "321": 1,
        "66": 2,
        "322": 1,
        "3": 2,
        "260": 1,
        "6": 1,
        "11": 1,
        "143": 3,
        "17": 2,
        "149": 2,
        "21": 1,
        "22": 2,
        "89": 1,
        "217": 1,
        "283": 1,
        "225": 5,
        "226": 1,
        "106": 1,
        "43": 1,
        "172": 1,
        "44": 1,
        "237": 1,
        "46": 1,
        "183": 1,
        "247": 4,
        "62": 2
    },
    "52": {
        "0": 1,
        "192": 9,
        "1": 1,
        "194": 4,
        "72": 1,
        "201": 1,
        "11": 2,
        "204": 1,
        "140": 2,
        "13": 1,
        "143": 1,
        "17": 2,
        "81": 1,
        "211": 1,
        "19": 3,
        "212": 1,
        "149": 4,
        "21": 1,
        "22": 4,
        "155": 1,
        "28": 5,
        "156": 1,
        "221": 3,
        "222": 3,
        "158": 2,
        "31": 1,
        "225": 5,
        "226": 3,
        "232": 1,
        "106": 1,
        "44": 6,
        "172": 2,
        "237": 2,
        "47": 4,
        "111": 2,
        "113": 1,
        "183": 13,
        "247": 7,
        "248": 1,
        "185": 4,
        "249": 1,
        "122": 1,
        "123": 2,
        "125": 2
    },
    "53": {
        "0": 1,
        "1": 2,
        "4": 1,
        "261": 1,
        "266": 1,
        "140": 1,
        "13": 2,
        "145": 1,
        "17": 2,
        "22": 6,
        "23": 3,
        "151": 1,
        "155": 1,
        "283": 1,
        "158": 1,
        "288": 1,
        "289": 1,
        "290": 1,
        "291": 1,
        "297": 1,
        "42": 2,
        "298": 1,
        "43": 1,
        "299": 1,
        "44": 2,
        "172": 1,
        "300": 1,
        "301": 1,
        "302": 1,
        "47": 1,
        "303": 1,
        "304": 1,
        "305": 1,
        "306": 1,
        "307": 1,
        "308": 1,
        "309": 1,
        "310": 1,
        "311": 1,
        "312": 1,
        "185": 2,
        "313": 1,
        "314": 1,
        "315": 1,
        "60": 1,
        "316": 1,
        "317": 1,
        "318": 1,
        "197": 1,
        "199": 3,
        "200": 1,
        "89": 1,
        "222": 1,
        "95": 1,
        "223": 1,
        "224": 1,
        "225": 3,
        "226": 2,
        "230": 1,
        "110": 2,
        "113": 1,
        "243": 1,
        "247": 7,
        "122": 5,
        "250": 2,
        "252": 1,
        "125": 1,
        "254": 1
    },
    "54": {
        "225": 2,
        "226": 4,
        "194": 1,
        "3": 1,
        "229": 1,
        "232": 1,
        "172": 3,
        "13": 2,
        "45": 1,
        "143": 1,
        "148": 1,
        "185": 1,
        "219": 1,
        "220": 1,
        "125": 2,
        "222": 1
    },
    "55": {
        "256": 1,
        "192": 1,
        "257": 1,
        "3": 5,
        "201": 1,
        "204": 1,
        "140": 2,
        "205": 1,
        "206": 1,
        "81": 2,
        "19": 3,
        "148": 1,
        "212": 1,
        "21": 3,
        "149": 1,
        "22": 17,
        "23": 6,
        "26": 1,
        "28": 2,
        "156": 1,
        "221": 1,
        "158": 1,
        "222": 1,
        "225": 2,
        "226": 2,
        "227": 2,
        "165": 2,
        "166": 1,
        "230": 1,
        "105": 1,
        "233": 1,
        "42": 1,
        "172": 4,
        "236": 3,
        "44": 2,
        "237": 1,
        "45": 1,
        "46": 2,
        "238": 1,
        "47": 1,
        "181": 2,
        "247": 3,
        "122": 3,
        "125": 1
    },
    "56": {
        "3": 1,
        "140": 1,
        "158": 1
    },
    "57": {
        "17": 3,
        "3": 2,
        "19": 2,
        "244": 1,
        "232": 2,
        "60": 1,
        "45": 1,
        "46": 1,
        "158": 1
    },
    "58": {
        "225": 27,
        "1": 1,
        "226": 1,
        "229": 4,
        "230": 3,
        "231": 3,
        "172": 2,
        "44": 5,
        "13": 2,
        "142": 1,
        "47": 1,
        "181": 3,
        "247": 1,
        "216": 1,
        "250": 1,
        "122": 3,
        "123": 1,
        "28": 1,
        "220": 3,
        "284": 2,
        "125": 2,
        "189": 4,
        "62": 2
    },
    "59": {
        "3": 1,
        "123": 1,
        "44": 1,
        "45": 1
    },
    "60": {
        "144": 1,
        "45": 1
    },
    "61": {
        "225": 2,
        "22": 4,
        "247": 5,
        "23": 2,
        "122": 5,
        "28": 1,
        "140": 1,
        "45": 1
    },
    "62": {
        "199": 1,
        "201": 1,
        "172": 1,
        "44": 1
    },
    "63": {
        "45": 1,
        "13": 1
    },
    "64": {
        "22": 1,
        "230": 1,
        "247": 2,
        "23": 1,
        "231": 1,
        "28": 1,
        "45": 1,
        "111": 1
    },
    "65": {
        "113": 1,
        "45": 1
    },
    "66": {
        "144": 1,
        "4": 1,
        "247": 1,
        "42": 1,
        "172": 1,
        "45": 1
    },
    "67": {
        "225": 1,
        "22": 1,
        "247": 1,
        "45": 1,
        "95": 1
    },
    "68": {
        "225": 1,
        "22": 1,
        "155": 1,
        "13": 1,
        "158": 1,
        "47": 1
    },
    "69": {
        "1": 2,
        "225": 2,
        "165": 1,
        "262": 1,
        "233": 1,
        "43": 1,
        "44": 1,
        "237": 1,
        "45": 1,
        "206": 1,
        "46": 1,
        "47": 1,
        "113": 1,
        "17": 1,
        "19": 1,
        "117": 1,
        "21": 1,
        "22": 6,
        "23": 1,
        "247": 1,
        "89": 1,
        "122": 2,
        "31": 1
    },
    "70": {
        "13": 1
    },
    "71": {
        "225": 1,
        "247": 1,
        "122": 1,
        "44": 1,
        "45": 1
    },
    "72": {
        "225": 1,
        "226": 1,
        "66": 1,
        "45": 1,
        "13": 1
    },
    "73": {
        "225": 1,
        "45": 1
    },
    "74": {
        "45": 1
    },
    "75": {
        "13": 1
    },
    "76": {
        "144": 1,
        "225": 1,
        "145": 1,
        "45": 1,
        "13": 1
    },
    "77": {
        "199": 1
    },
    "78": {
        "226": 1,
        "216": 1,
        "219": 1
    },
    "79": {
        "228": 1
    },
    "80": {
        "320": 1,
        "321": 1,
        "323": 1,
        "260": 1,
        "261": 1,
        "200": 1,
        "13": 1,
        "17": 2,
        "212": 1,
        "22": 2,
        "23": 1,
        "217": 1,
        "285": 1,
        "158": 1,
        "286": 1,
        "287": 1,
        "225": 1,
        "226": 1,
        "165": 1,
        "229": 1,
        "166": 1,
        "294": 1,
        "295": 1,
        "231": 1,
        "45": 1,
        "47": 1,
        "178": 1,
        "122": 2,
        "188": 1,
        "125": 1,
        "319": 1
    },
    "81": {
        "17": 1,
        "289": 1,
        "290": 1,
        "291": 1,
        "21": 1,
        "42": 1,
        "60": 1
    },
    "82": {
        "1": 1,
        "4": 4,
        "265": 1,
        "11": 5,
        "12": 4,
        "271": 1,
        "143": 2,
        "17": 3,
        "19": 2,
        "22": 16,
        "151": 1,
        "23": 3,
        "283": 1,
        "285": 1,
        "286": 1,
        "158": 1,
        "165": 3,
        "169": 1,
        "44": 6,
        "172": 4,
        "45": 11,
        "46": 2,
        "47": 5,
        "304": 1,
        "305": 1,
        "178": 2,
        "180": 2,
        "309": 1,
        "310": 1,
        "321": 1,
        "66": 3,
        "322": 2,
        "323": 1,
        "324": 5,
        "326": 2,
        "327": 1,
        "72": 2,
        "200": 2,
        "206": 3,
        "212": 1,
        "342": 1,
        "343": 1,
        "344": 1,
        "345": 2,
        "89": 2,
        "346": 1,
        "348": 1,
        "349": 1,
        "350": 1,
        "351": 1,
        "352": 1,
        "225": 3,
        "353": 1,
        "354": 1,
        "355": 1,
        "356": 1,
        "357": 1,
        "358": 1,
        "359": 1,
        "360": 1,
        "232": 2,
        "363": 1,
        "237": 1,
        "366": 1,
        "367": 1,
        "113": 2,
        "370": 1,
        "371": 1,
        "372": 1,
        "117": 4,
        "247": 13,
        "250": 2,
        "122": 13,
        "123": 3,
        "125": 1
    },
    "83": {
        "62": 1
    },
    "84": {
        "166": 1
    },
    "85": {
        "217": 1,
        "13": 1,
        "142": 1
    },
    "86": {
        "216": 1,
        "221": 1
    },
    "87": {
        "62": 1
    },
    "88": {
        "21": 1
    },
    "89": {
        "13": 1
    },
    "90": {
        "225": 1,
        "226": 2,
        "22": 1,
        "326": 1,
        "199": 1,
        "328": 1,
        "266": 1,
        "123": 1,
        "44": 1,
        "45": 1
    },
    "91": {
        "11": 1
    },
    "92": {
        "45": 1,
        "62": 2
    },
    "93": {
        "225": 1,
        "226": 1,
        "22": 2,
        "23": 1,
        "89": 1,
        "45": 1
    },
    "94": {
        "11": 1,
        "45": 1
    },
    "95": {
        "11": 1
    },
    "96": {
        "13": 1
    },
    "97": {
        "17": 1,
        "45": 1,
        "31": 1
    },
    "98": {
        "1": 1
    },
    "99": {
        "225": 1,
        "322": 1,
        "323": 1,
        "22": 1,
        "23": 1
    },
    "100": {
        "260": 3,
        "266": 1,
        "11": 1,
        "13": 4,
        "143": 2,
        "19": 1,
        "149": 1,
        "22": 17,
        "23": 11,
        "151": 1,
        "26": 3,
        "285": 1,
        "158": 4,
        "287": 1,
        "292": 2,
        "293": 2,
        "294": 1,
        "42": 1,
        "43": 1,
        "44": 10,
        "172": 4,
        "178": 1,
        "306": 1,
        "308": 1,
        "310": 1,
        "183": 4,
        "441": 1,
        "60": 1,
        "316": 1,
        "317": 1,
        "318": 1,
        "62": 1,
        "319": 1,
        "192": 6,
        "320": 2,
        "322": 1,
        "323": 1,
        "199": 2,
        "201": 3,
        "331": 1,
        "207": 1,
        "211": 2,
        "216": 1,
        "225": 7,
        "226": 2,
        "232": 1,
        "488": 1,
        "233": 2,
        "235": 1,
        "237": 1,
        "367": 1,
        "495": 1,
        "368": 1,
        "246": 1,
        "122": 13,
        "250": 2,
        "123": 5,
        "124": 2,
        "252": 1,
        "125": 1
    },
    "101": {
        "13": 1
    },
    "102": {
        "225": 2,
        "45": 1,
        "13": 1,
        "47": 1
    },
    "103": {
        "1": 1,
        "165": 1,
        "166": 1,
        "206": 2
    },
    "104": {
        "45": 1,
        "62": 1
    },
    "105": {
        "321": 2,
        "322": 3,
        "323": 2,
        "136": 1,
        "201": 2,
        "266": 2,
        "211": 2,
        "22": 5,
        "23": 4,
        "217": 1,
        "158": 1,
        "31": 1,
        "225": 6,
        "226": 4,
        "233": 1,
        "44": 4,
        "172": 6,
        "237": 1,
        "45": 1,
        "174": 1,
        "306": 1,
        "178": 1,
        "309": 1,
        "246": 1,
        "122": 4,
        "123": 4,
        "188": 1,
        "125": 4,
        "319": 1
    },
    "106": {
        "226": 1,
        "44": 1,
        "13": 2
    },
    "107": {
        "225": 1,
        "22": 2,
        "23": 1,
        "122": 1,
        "172": 1,
        "44": 1,
        "125": 1,
        "206": 1
    },
    "108": {
        "321": 1
    },
    "109": {
        "149": 1
    },
    "110": {
        "260": 1,
        "22": 1,
        "23": 1,
        "72": 1,
        "201": 1,
        "122": 1,
        "155": 1,
        "45": 1,
        "158": 1,
        "47": 1
    },
    "111": {
        "225": 6,
        "226": 2,
        "21": 2,
        "22": 3,
        "295": 1,
        "122": 5,
        "139": 1,
        "123": 1,
        "172": 2,
        "44": 1
    },
    "112": {
        "225": 1,
        "309": 1,
        "22": 1,
        "23": 1,
        "122": 1,
        "44": 1,
        "143": 1
    },
    "113": {
        "1": 8,
        "66": 2,
        "6": 2,
        "331": 2,
        "11": 1,
        "267": 1,
        "12": 1,
        "13": 3,
        "333": 1,
        "142": 5,
        "206": 4,
        "335": 1,
        "271": 1,
        "336": 2,
        "17": 2,
        "337": 1,
        "145": 2,
        "274": 1,
        "19": 4,
        "340": 1,
        "341": 1,
        "21": 2,
        "22": 1,
        "23": 1,
        "31": 1,
        "225": 6,
        "226": 4,
        "165": 1,
        "105": 1,
        "362": 1,
        "235": 1,
        "44": 2,
        "45": 9,
        "46": 1,
        "47": 1,
        "113": 1,
        "307": 1,
        "180": 1,
        "309": 1,
        "117": 1,
        "55": 2,
        "247": 1,
        "122": 1,
        "250": 1,
        "317": 1,
        "125": 1,
        "319": 2
    },
    "114": {
        "226": 1,
        "325": 1,
        "263": 1,
        "264": 1,
        "265": 2,
        "267": 4,
        "172": 1,
        "268": 1,
        "45": 1,
        "269": 1,
        "270": 1,
        "47": 2,
        "272": 1,
        "274": 1,
        "275": 1,
        "21": 1,
        "280": 2,
        "125": 1
    },
    "115": {
        "321": 1,
        "322": 1,
        "323": 1,
        "45": 1
    },
    "116": {
        "225": 1,
        "172": 2,
        "125": 2,
        "45": 1
    },
    "117": {
        "149": 1
    },
    "118": {
        "321": 1,
        "322": 2,
        "66": 1,
        "323": 2,
        "262": 1,
        "263": 1,
        "264": 1,
        "329": 1,
        "265": 1,
        "11": 2,
        "332": 1,
        "13": 1,
        "206": 3,
        "207": 1,
        "143": 2,
        "17": 1,
        "22": 2,
        "217": 1,
        "225": 5,
        "226": 4,
        "229": 1,
        "166": 2,
        "172": 4,
        "45": 4,
        "47": 1,
        "55": 1,
        "247": 1,
        "250": 1,
        "186": 1,
        "123": 1,
        "317": 1,
        "125": 2,
        "62": 2,
        "254": 1,
        "318": 1
    },
    "119": {
        "17": 1,
        "19": 1,
        "259": 1,
        "22": 1,
        "26": 1,
        "45": 1
    },
    "120": {
        "225": 1,
        "22": 1,
        "23": 1,
        "45": 1
    },
    "121": {
        "225": 1
    },
    "122": {
        "17": 3,
        "113": 2,
        "45": 1,
        "46": 1
    },
    "123": {
        "22": 1,
        "295": 2,
        "151": 1,
        "296": 2,
        "216": 1,
        "13": 1,
        "45": 1
    },
    "124": {
        "45": 1,
        "13": 1
    },
    "125": {
        "321": 2,
        "225": 2,
        "226": 4,
        "66": 1,
        "229": 2,
        "232": 2,
        "11": 1,
        "12": 1,
        "13": 2,
        "142": 2,
        "143": 1,
        "149": 4,
        "216": 1,
        "217": 2,
        "254": 1,
        "62": 1
    },
    "126": {
        "12": 14,
        "332": 1,
        "13": 16,
        "334": 1,
        "145": 20,
        "19": 1,
        "22": 6,
        "344": 1,
        "346": 1,
        "31": 1,
        "225": 4,
        "422": 2,
        "423": 1,
        "424": 1,
        "425": 1,
        "426": 1,
        "427": 1,
        "44": 3,
        "45": 2,
        "366": 2,
        "175": 1,
        "306": 1,
        "308": 1,
        "376": 1,
        "122": 3,
        "123": 4,
        "380": 1
    },
    "127": {
        "22": 2,
        "23": 2
    },
    "128": {
        "321": 1,
        "6": 1,
        "136": 1,
        "201": 1,
        "139": 1,
        "12": 1,
        "333": 1,
        "142": 4,
        "206": 1,
        "143": 2,
        "336": 1,
        "17": 7,
        "209": 2,
        "19": 5,
        "21": 3,
        "22": 4,
        "23": 3,
        "217": 1,
        "157": 1,
        "158": 2,
        "31": 3,
        "225": 2,
        "226": 5,
        "166": 3,
        "168": 1,
        "169": 3,
        "362": 1,
        "172": 7,
        "44": 3,
        "174": 1,
        "47": 1,
        "113": 1,
        "55": 1,
        "122": 3,
        "123": 2,
        "125": 5
    },
    "129": {
        "254": 1
    },
    "130": {
        "47": 1
    },
    "131": {
        "322": 1,
        "260": 2,
        "329": 1,
        "201": 1,
        "11": 1,
        "145": 1,
        "17": 1,
        "19": 1,
        "21": 1,
        "22": 8,
        "23": 1,
        "216": 1,
        "26": 1,
        "155": 1,
        "283": 1,
        "284": 1,
        "158": 2,
        "31": 1,
        "225": 2,
        "226": 3,
        "229": 2,
        "230": 1,
        "231": 1,
        "42": 1,
        "43": 2,
        "172": 3,
        "44": 3,
        "45": 1,
        "47": 3,
        "367": 2,
        "369": 1,
        "250": 3,
        "122": 4,
        "123": 1,
        "124": 1,
        "254": 2
    },
    "132": {
        "226": 1,
        "122": 1,
        "172": 1
    },
    "133": {
        "325": 1,
        "45": 1,
        "47": 1
    },
    "134": {
        "327": 1
    },
    "135": {
        "226": 7,
        "199": 1,
        "250": 1,
        "266": 1,
        "122": 1,
        "172": 8,
        "125": 6
    },
    "136": {
        "1": 1,
        "226": 1,
        "164": 1,
        "169": 1,
        "172": 2,
        "45": 1,
        "206": 1,
        "367": 1,
        "368": 1,
        "145": 1,
        "17": 1,
        "19": 1,
        "22": 3,
        "55": 2,
        "26": 1,
        "250": 1,
        "60": 1,
        "125": 2
    },
    "137": {
        "66": 1,
        "19": 1,
        "22": 3,
        "23": 1,
        "250": 1,
        "122": 1,
        "123": 2,
        "237": 2,
        "45": 1
    },
    "138": {
        "322": 4,
        "323": 1,
        "4": 1,
        "260": 2,
        "199": 1,
        "200": 1,
        "266": 1,
        "330": 3,
        "11": 1,
        "331": 3,
        "12": 1,
        "22": 11,
        "23": 7,
        "216": 1,
        "347": 2,
        "158": 1,
        "95": 1,
        "418": 1,
        "419": 1,
        "362": 2,
        "44": 5,
        "172": 2,
        "365": 3,
        "47": 1,
        "367": 1,
        "113": 1,
        "122": 2,
        "123": 1,
        "125": 5
    },
    "139": {
        "225": 2
    },
    "140": {
        "123": 1,
        "44": 1
    },
    "141": {
        "22": 1,
        "202": 1,
        "31": 1
    },
    "142": {
        "225": 2,
        "22": 1,
        "122": 2,
        "250": 1,
        "332": 1,
        "44": 4,
        "45": 3,
        "125": 2
    },
    "143": {
        "225": 1,
        "226": 2,
        "122": 1,
        "172": 1,
        "125": 1
    },
    "144": {
        "322": 1,
        "323": 1
    },
    "145": {
        "309": 1
    },
    "146": {
        "225": 1,
        "13": 1
    },
    "147": {
        "17": 1,
        "172": 3
    },
    "148": {
        "122": 1,
        "172": 2,
        "271": 2
    },
    "149": {
        "225": 1,
        "45": 1
    },
    "150": {
        "11": 1
    },
    "151": {
        "45": 1
    },
    "152": {
        "31": 1
    },
    "153": {
        "225": 3,
        "17": 1,
        "19": 1,
        "22": 1,
        "122": 2,
        "11": 1,
        "123": 1,
        "44": 1,
        "365": 1,
        "271": 1
    },
    "154": {
        "278": 2,
        "45": 1,
        "269": 2
    },
    "155": {
        "1": 3,
        "260": 7,
        "4": 3,
        "6": 1,
        "267": 2,
        "139": 1,
        "11": 1,
        "268": 1,
        "269": 1,
        "143": 5,
        "271": 1,
        "272": 1,
        "17": 2,
        "274": 1,
        "19": 2,
        "277": 1,
        "21": 3,
        "22": 32,
        "23": 10,
        "279": 1,
        "155": 2,
        "157": 1,
        "158": 2,
        "164": 1,
        "165": 2,
        "42": 1,
        "171": 1,
        "44": 2,
        "172": 5,
        "45": 3,
        "46": 2,
        "47": 5,
        "55": 1,
        "324": 1,
        "72": 2,
        "200": 1,
        "201": 2,
        "331": 2,
        "333": 1,
        "206": 1,
        "335": 1,
        "212": 1,
        "89": 1,
        "95": 6,
        "225": 3,
        "226": 1,
        "362": 2,
        "364": 1,
        "365": 4,
        "366": 2,
        "243": 1,
        "372": 1,
        "374": 1,
        "247": 1,
        "375": 1,
        "250": 3,
        "122": 28,
        "123": 3,
        "254": 1
    },
    "156": {
        "13": 2,
        "142": 1
    },
    "157": {
        "225": 5
    },
    "158": {
        "338": 1,
        "339": 1,
        "232": 1
    },
    "159": {
        "225": 5,
        "178": 1,
        "216": 1,
        "217": 1,
        "250": 1,
        "188": 1,
        "172": 1,
        "44": 1
    },
    "160": {
        "232": 1
    },
    "161": {
        "226": 2,
        "66": 1,
        "117": 1
    },
    "162": {
        "17": 1
    },
    "163": {
        "265": 1,
        "363": 1,
        "44": 2,
        "172": 3,
        "332": 1,
        "45": 1,
        "47": 4,
        "340": 1,
        "341": 1,
        "22": 3,
        "250": 1,
        "122": 3,
        "125": 2,
        "319": 4
    },
    "164": {
        "225": 1,
        "66": 1,
        "22": 3,
        "122": 2,
        "319": 1
    },
    "165": {
        "1": 1,
        "333": 1
    },
    "166": {
        "225": 2,
        "310": 1,
        "22": 1,
        "122": 1,
        "12": 2,
        "45": 1,
        "13": 2,
        "366": 1,
        "95": 1
    },
    "167": {
        "113": 1,
        "17": 1
    },
    "168": {
        "11": 1
    },
    "169": {
        "352": 5,
        "353": 1,
        "354": 1,
        "355": 1,
        "356": 7,
        "357": 5,
        "358": 1,
        "359": 1,
        "360": 3,
        "361": 3,
        "297": 1,
        "298": 1,
        "299": 1,
        "300": 1,
        "301": 1,
        "302": 1,
        "303": 1,
        "349": 1,
        "350": 6,
        "351": 1
    },
    "170": {
        "225": 1,
        "226": 2,
        "122": 2,
        "172": 3
    },
    "171": {
        "11": 1
    },
    "172": {
        "260": 4,
        "263": 2,
        "200": 1,
        "72": 1,
        "264": 2,
        "42": 1,
        "331": 2,
        "44": 1,
        "332": 3,
        "365": 4,
        "47": 3,
        "367": 2,
        "17": 2,
        "21": 2,
        "22": 9,
        "23": 2,
        "89": 1,
        "122": 1,
        "123": 6
    },
    "173": {
        "226": 1,
        "172": 1,
        "45": 1,
        "125": 1
    },
    "174": {
        "17": 2,
        "113": 2,
        "1": 1,
        "370": 2,
        "45": 1
    },
    "175": {
        "13": 1
    },
    "176": {
        "260": 1,
        "200": 1,
        "136": 1,
        "72": 1,
        "332": 3,
        "270": 1,
        "206": 2,
        "272": 2,
        "274": 1,
        "19": 2,
        "275": 1,
        "276": 1,
        "21": 4,
        "22": 36,
        "23": 24,
        "151": 1,
        "279": 1,
        "89": 2,
        "26": 1,
        "346": 1,
        "165": 3,
        "362": 3,
        "42": 2,
        "363": 2,
        "365": 2,
        "366": 4,
        "174": 1,
        "47": 1,
        "367": 2,
        "306": 1,
        "373": 3,
        "374": 3,
        "310": 1,
        "55": 1,
        "375": 1,
        "247": 1,
        "376": 1,
        "122": 22,
        "250": 5,
        "315": 1,
        "317": 1
    },
    "177": {
        "13": 1
    },
    "178": {
        "318": 1
    },
    "179": {
        "225": 1,
        "365": 1
    },
    "180": {
        "247": 1
    },
    "181": {
        "21": 1,
        "22": 4,
        "23": 2,
        "122": 2,
        "13": 4,
        "366": 1
    },
    "182": {
        "80": 1,
        "17": 5,
        "145": 1,
        "66": 4,
        "19": 1,
        "422": 1,
        "55": 1,
        "232": 6,
        "11": 1,
        "12": 1,
        "367": 1
    },
    "183": {
        "1": 14,
        "258": 1,
        "4": 14,
        "260": 7,
        "6": 3,
        "265": 4,
        "11": 10,
        "267": 6,
        "12": 3,
        "269": 3,
        "270": 7,
        "272": 4,
        "274": 7,
        "275": 5,
        "21": 11,
        "22": 77,
        "23": 14,
        "31": 4,
        "35": 2,
        "42": 3,
        "45": 8,
        "47": 9,
        "306": 1,
        "308": 2,
        "311": 1,
        "55": 5,
        "312": 2,
        "313": 1,
        "314": 1,
        "315": 1,
        "316": 1,
        "60": 2,
        "317": 3,
        "68": 1,
        "72": 2,
        "331": 5,
        "332": 4,
        "333": 5,
        "80": 1,
        "346": 2,
        "105": 1,
        "362": 2,
        "363": 3,
        "364": 13,
        "365": 41,
        "366": 11,
        "367": 11,
        "113": 4,
        "372": 9,
        "373": 4,
        "374": 9,
        "376": 2,
        "377": 5,
        "122": 59,
        "378": 4,
        "379": 10,
        "380": 18,
        "381": 2,
        "382": 7,
        "383": 1,
        "384": 1,
        "385": 1,
        "386": 1,
        "387": 1,
        "388": 1,
        "389": 1,
        "390": 1,
        "391": 1,
        "392": 1,
        "393": 1,
        "394": 1,
        "395": 1,
        "139": 8,
        "396": 1,
        "140": 12,
        "397": 1,
        "398": 1,
        "399": 1,
        "143": 1,
        "400": 1,
        "401": 1,
        "145": 4,
        "402": 2,
        "403": 2,
        "404": 1,
        "405": 1,
        "406": 1,
        "407": 1,
        "408": 1,
        "409": 1,
        "410": 1,
        "411": 1,
        "412": 2,
        "413": 2,
        "414": 5,
        "415": 8,
        "416": 6,
        "417": 8,
        "418": 11,
        "162": 1,
        "419": 5,
        "420": 2,
        "421": 6,
        "165": 4,
        "166": 7,
        "422": 1,
        "167": 1,
        "428": 3,
        "430": 2,
        "431": 2,
        "176": 1,
        "432": 3,
        "433": 5,
        "434": 1,
        "435": 6,
        "436": 2,
        "437": 2,
        "438": 1,
        "439": 2,
        "440": 4,
        "441": 41,
        "443": 1,
        "444": 4,
        "445": 1,
        "446": 2,
        "447": 1,
        "448": 1,
        "450": 1,
        "451": 1,
        "452": 1,
        "453": 1,
        "454": 1,
        "455": 1,
        "200": 8,
        "456": 4,
        "457": 1,
        "202": 2,
        "458": 1,
        "459": 1,
        "460": 1,
        "461": 1,
        "206": 8,
        "462": 1,
        "463": 1,
        "464": 1,
        "465": 6,
        "466": 6,
        "467": 2,
        "468": 3,
        "469": 1,
        "471": 1,
        "472": 1,
        "473": 8,
        "474": 8,
        "475": 4,
        "476": 7,
        "478": 5,
        "479": 2,
        "480": 1,
        "225": 2,
        "481": 1,
        "482": 6,
        "483": 5,
        "484": 1,
        "485": 5,
        "486": 1,
        "487": 1,
        "489": 2,
        "490": 2,
        "491": 3,
        "494": 1,
        "496": 1,
        "497": 4,
        "498": 5,
        "499": 2,
        "500": 2,
        "501": 1,
        "502": 2,
        "247": 11,
        "503": 12,
        "504": 2,
        "505": 1,
        "250": 4,
        "506": 11,
        "251": 1,
        "507": 6,
        "252": 3,
        "508": 3,
        "253": 1,
        "509": 2
    },
    "184": {
        "256": 1,
        "1": 12,
        "260": 2,
        "4": 3,
        "11": 2,
        "267": 1,
        "12": 1,
        "270": 1,
        "272": 1,
        "21": 3,
        "22": 12,
        "23": 6,
        "45": 5,
        "47": 2,
        "310": 1,
        "55": 1,
        "60": 3,
        "72": 1,
        "331": 2,
        "332": 1,
        "333": 2,
        "348": 1,
        "105": 2,
        "364": 2,
        "365": 7,
        "366": 2,
        "367": 3,
        "368": 1,
        "113": 1,
        "372": 1,
        "122": 5,
        "379": 2,
        "380": 2,
        "382": 2,
        "383": 1,
        "385": 1,
        "386": 1,
        "387": 1,
        "388": 1,
        "389": 1,
        "390": 1,
        "391": 1,
        "392": 1,
        "393": 1,
        "394": 1,
        "395": 1,
        "139": 1,
        "396": 1,
        "397": 1,
        "398": 1,
        "399": 1,
        "400": 1,
        "145": 1,
        "401": 2,
        "404": 1,
        "405": 1,
        "407": 1,
        "408": 1,
        "409": 1,
        "410": 1,
        "411": 1,
        "413": 1,
        "415": 3,
        "417": 2,
        "418": 1,
        "419": 1,
        "421": 2,
        "165": 4,
        "166": 5,
        "429": 1,
        "432": 1,
        "433": 1,
        "440": 1,
        "441": 2,
        "442": 1,
        "443": 1,
        "444": 4,
        "445": 3,
        "446": 1,
        "448": 2,
        "449": 2,
        "450": 1,
        "451": 1,
        "452": 1,
        "453": 1,
        "454": 1,
        "455": 1,
        "456": 1,
        "457": 1,
        "202": 1,
        "458": 1,
        "459": 1,
        "460": 1,
        "461": 1,
        "206": 2,
        "462": 1,
        "463": 1,
        "464": 1,
        "465": 1,
        "466": 1,
        "467": 1,
        "468": 1,
        "469": 1,
        "470": 1,
        "471": 1,
        "472": 3,
        "473": 5,
        "474": 5,
        "475": 6,
        "476": 3,
        "477": 3,
        "478": 2,
        "479": 3,
        "480": 2,
        "481": 4,
        "482": 2,
        "483": 4,
        "484": 1,
        "485": 1,
        "486": 1,
        "487": 1,
        "488": 1,
        "489": 2,
        "490": 2,
        "491": 1,
        "492": 2,
        "493": 2,
        "494": 1,
        "495": 1,
        "496": 1,
        "497": 1,
        "498": 1,
        "499": 1,
        "503": 4,
        "505": 1,
        "250": 4,
        "506": 1
    },
    "185": {
        "21": 1,
        "171": 1
    },
    "186": {
        "22": 1,
        "23": 1
    },
    "187": {
        "232": 1,
        "13": 1
    },
    "188": {
        "444": 1,
        "367": 1,
        "447": 2
    },
    "189": {
        "22": 1,
        "122": 1
    },
    "190": {
        "11": 1
    },
    "191": {
        "122": 1,
        "45": 1,
        "365": 1,
        "47": 1
    },
    "192": {
        "497": 1,
        "442": 1
    },
    "193": {
        "476": 1
    }
}