{
    "0": [
        0,
        1,
        2,
        3,
        4,
        5,
        6,
        7,
        8,
        9,
        10,
        11,
        12,
        13,
        14,
        15,
        16,
        17,
        18,
        19,
        20,
        21,
        22,
        23,
        24,
        25,
        26,
        27,
        28,
        29,
        30,
        31,
        32,
        33,
        34,
        35,
        36,
        37,
        38,
        39,
        40,
        41,
        42,
        43,
        44,
        45,
        46,
        47,
        48,
        49,
        50,
        51,
        52,
        53,
        54,
        55,
        56,
        57,
        58,
        59,
        60,
        61,
        62,
        63,
        64,
        65,
        66,
        67,
        68,
        69,
        70,
        71,
        72,
        73,
        74,
        75,
        76,
        77,
        78,
        79,
        80,
        81,
        82,
        83,
        84,
        85,
        86,
        87,
        88,
        90,
        91,
        92,
        93,
        94,
        95,
        96,
        97,
        98,
        99,
        100,
        101,
        102,
        103,
        104,
        105,
        106,
        107,
        108,
        109,
        110,
        111,
        112,
        113,
        114,
        115,
        116,
        117,
        118,
        119,
        120,
        121,
        122,
        123,
        124,
        125,
        126,
        127,
        128,
        129,
        130,
        131,
        132,
        133,
        134,
        135,
        136,
        137,
        138,
        139,
        140,
        141,
        142,
        143,
        144,
        145,
        146,
        147,
        148,
        149,
        150,
        151,
        152,
        153,
        154,
        155,
        156,
        157,
        158,
        159,
        160,
        161,
        165,
        166,
        167,
        168,
        169,
        170,
        171,
        172,
        173,
        174,
        175,
        176,
        177,
        178,
        179,
        180,
        181,
        182,
        183,
        184,
        185,
        186,
        187,
        188,
        189,
        190,
        191,
        192,
        193,
        194,
        195,
        196,
        197,
        198,
        200,
        201,
        202,
        203,
        204,
        205,
        206,
        207,
        210,
        211,
        212,
        213,
        215,
        216,
        218,
        219,
        220,
        222,
        223,
        224,
        225,
        226,
        227,
        228,
        229,
        230,
        231,
        232,
        233,
        234,
        235,
        236,
        237,
        238,
        243,
        245,
        246,
        249,
        250,
        251,
        252,
        253,
        254,
        255,
        256,
        259,
        260,
        262,
        263,
        264,
        265,
        266,
        267,
        268,
        269,
        270,
        271,
        272,
        273,
        274,
        275,
        276,
        277,
        278,
        279,
        280,
        281,
        282,
        283,
        284,
        285,
        286,
        287,
        288,
        289,
        290,
        291,
        292,
        293,
        294,
        295,
        296,
        297,
        324
    ],
    "1": [
        34
    ],
    "2": [
        2,
        8,
        10,
        12,
        13,
        15,
        22,
        25,
        36,
        39,
        50,
        52,
        53,
        55,
        60,
        87,
        88,
        89
    ],
    "3": [
        1,
        2,
        8,
        13,
        15,
        25,
        36,
        39,
        45,
        53,
        60
    ],
    "4": [
        10,
        17,
        28,
        65
    ],
    "5": [
        34
    ],
    "6": [
        0,
        2,
        4,
        8,
        10,
        11,
        13,
        15,
        21,
        22,
        25,
        26,
        29,
        33,
        34,
        36,
        38,
        39,
        49,
        51,
        52,
        53,
        55,
        57,
        60,
        65,
        70,
        72,
        74,
        75,
        78,
        88,
        93,
        95,
        96,
        97,
        104,
        106,
        107,
        108,
        109,
        111,
        113,
        114,
        119,
        124,
        125,
        126,
        128,
        130,
        137,
        139,
        140,
        141,
        143,
        144,
        146,
        147,
        148,
        151,
        152,
        153,
        155,
        156,
        157,
        170,
        172,
        174,
        175,
        177,
        178,
        179,
        180,
        181,
        182,
        183,
        185,
        187,
        188,
        189,
        190,
        191,
        192,
        194,
        195,
        196,
        197,
        198,
        200,
        201,
        202,
        204,
        205,
        208,
        209
    ],
    "7": [
        2,
        13,
        15,
        34,
        62
    ],
    "8": [
        65
    ],
    "9": [
        95
    ],
    "10": [
        1,
        2,
        4,
        6,
        7,
        8,
        10,
        13,
        15,
        16,
        17,
        18,
        21,
        25,
        26,
        27,
        29,
        38,
        39,
        43,
        47,
        49,
        51,
        52,
        53,
        59,
        60,
        61,
        65,
        67,
        69,
        70,
        72,
        74,
        75,
        78,
        82,
        88,
        90,
        93,
        94,
        95,
        96,
        97,
        106,
        107,
        109,
        111,
        114,
        119,
        124,
        126,
        127,
        128,
        131,
        137,
        138,
        139,
        140,
        141,
        143,
        144,
        145,
        146,
        147,
        148,
        149,
        155,
        157,
        165,
        172,
        174,
        177,
        178,
        179,
        180,
        181,
        182,
        183,
        185,
        187,
        190,
        191,
        192,
        194,
        196,
        198,
        199,
        201,
        203,
        204,
        214,
        215,
        217,
        218,
        219,
        220,
        221,
        222,
        223,
        224,
        225,
        226,
        227
    ],
    "11": [
        1,
        4,
        7,
        8,
        13,
        15,
        22,
        25,
        26,
        27,
        29,
        32,
        34,
        38,
        44,
        46,
        47,
        49,
        51,
        52,
        53,
        59,
        61,
        64,
        77,
        78,
        82,
        83,
        87,
        100,
        102,
        106,
        113,
        114,
        116,
        117,
        139,
        140,
        151,
        156,
        157,
        162,
        163,
        164
    ],
    "12": [
        1,
        65
    ],
    "13": [
        64
    ],
    "14": [
        7
    ],
    "15": [
        2,
        29,
        34,
        106
    ],
    "16": [
        1,
        8,
        34
    ],
    "17": [
        1,
        2,
        18,
        114,
        149,
        206,
        219
    ],
    "18": [
        17
    ],
    "19": [
        65
    ],
    "20": [
        70
    ],
    "21": [
        149
    ],
    "22": [
        10
    ],
    "23": [
        144
    ],
    "24": [
        2,
        4,
        10,
        13,
        25,
        26,
        29,
        34,
        49,
        52,
        60,
        70,
        75,
        78,
        87,
        94,
        96,
        106,
        111,
        119,
        124,
        125,
        126,
        139,
        140,
        143,
        149,
        157,
        172,
        177,
        178,
        180,
        182,
        183,
        185,
        187,
        192,
        201,
        204,
        205,
        214,
        215
    ],
    "25": [
        34
    ],
    "26": [
        2,
        34,
        113,
        114,
        147
    ],
    "27": [
        2,
        34,
        119,
        144,
        145,
        147,
        148,
        157
    ],
    "28": [
        217
    ],
    "29": [
        2,
        34,
        77,
        179,
        191,
        215,
        217
    ],
    "30": [
        2,
        34,
        38,
        52
    ],
    "31": [
        34,
        46
    ],
    "32": [
        34,
        82,
        202
    ],
    "33": [
        219
    ],
    "34": [
        1,
        2,
        4,
        7,
        13,
        15,
        18,
        22,
        25,
        26,
        27,
        29,
        47,
        51,
        59,
        60,
        61,
        77,
        87,
        106,
        119,
        124,
        143,
        154,
        156,
        157,
        166,
        171,
        172,
        192,
        201,
        202,
        206,
        216,
        219,
        227,
        246,
        271,
        274,
        280
    ],
    "35": [
        2,
        34,
        185,
        194,
        224
    ],
    "36": [
        34,
        65
    ],
    "37": [
        2,
        34,
        126,
        172,
        227
    ],
    "38": [
        34,
        206
    ],
    "39": [
        2,
        34,
        126,
        172,
        227
    ],
    "40": [
        13,
        34
    ],
    "41": [
        222
    ],
    "42": [
        18
    ],
    "43": [
        18
    ],
    "44": [
        1
    ],
    "45": [
        2,
        22,
        34
    ],
    "46": [
        2,
        18,
        34,
        60,
        126,
        143,
        172,
        183,
        204,
        227
    ],
    "47": [
        2,
        4,
        13,
        15,
        22,
        25,
        26,
        27,
        29,
        34,
        38,
        51,
        52,
        59,
        60,
        72,
        78,
        82,
        93,
        94,
        98,
        99,
        100,
        101,
        102,
        111,
        114,
        119,
        124,
        126,
        139,
        140,
        142,
        151,
        157,
        164,
        170,
        171,
        172,
        175,
        183,
        192,
        196,
        198,
        201,
        213,
        218,
        227,
        239,
        240,
        241,
        242
    ],
    "48": [
        219
    ],
    "49": [
        149
    ],
    "50": [
        219
    ],
    "51": [
        2,
        7,
        13,
        16,
        22,
        25,
        39,
        51,
        60,
        61,
        64,
        87,
        107,
        143,
        149,
        172,
        183,
        219,
        221,
        227,
        237,
        246,
        258,
        274,
        295,
        296
    ],
    "52": [
        1,
        6,
        13,
        15,
        16,
        18,
        22,
        25,
        27,
        29,
        52,
        60,
        78,
        82,
        106,
        107,
        114,
        119,
        124,
        126,
        140,
        143,
        149,
        155,
        156,
        157,
        172,
        183,
        185,
        192,
        194,
        201,
        204,
        211,
        212,
        218,
        219,
        224,
        227,
        232,
        237,
        246,
        250,
        251
    ],
    "53": [
        2,
        34,
        60,
        124
    ],
    "54": [
        2,
        18,
        34,
        126,
        143,
        148,
        172,
        185,
        194,
        219,
        222,
        223,
        224,
        227,
        229,
        232
    ],
    "55": [
        2,
        15,
        21,
        22,
        25,
        26,
        29,
        34,
        38,
        51,
        52,
        60,
        82,
        105,
        119,
        126,
        140,
        148,
        149,
        155,
        157,
        165,
        166,
        172,
        181,
        192,
        201,
        204,
        205,
        206,
        211,
        216,
        218,
        219,
        224,
        227,
        230,
        233,
        236,
        237,
        238,
        246,
        247,
        248
    ],
    "56": [
        2,
        140,
        157
    ],
    "57": [
        2,
        13,
        15,
        34,
        45,
        51,
        157,
        232,
        244
    ],
    "58": [
        1,
        18,
        29,
        52,
        60,
        61,
        119,
        124,
        126,
        142,
        172,
        181,
        189,
        215,
        219,
        223,
        227,
        229,
        230,
        231,
        246,
        252,
        286
    ],
    "59": [
        1,
        4,
        6,
        13,
        18,
        25,
        26,
        38,
        39,
        45,
        52,
        60,
        87,
        96,
        111,
        114,
        119,
        126,
        140,
        145,
        154,
        156,
        157,
        172,
        185,
        197,
        198,
        200,
        219,
        224,
        225,
        226,
        227,
        230,
        243,
        246,
        252,
        254,
        257,
        258,
        259,
        261,
        298,
        299,
        300,
        301,
        302,
        303,
        304,
        305,
        306,
        307,
        308,
        309,
        310,
        311,
        312,
        313,
        314,
        315,
        316,
        317,
        318,
        319,
        320,
        321,
        322,
        323
    ],
    "60": [
        34,
        144
    ],
    "61": [
        25,
        26,
        29,
        34,
        119,
        140,
        219,
        246
    ],
    "62": [
        60,
        172,
        198,
        201
    ],
    "63": [
        18,
        34
    ],
    "64": [
        25,
        26,
        29,
        34,
        106,
        230,
        231,
        246
    ],
    "65": [
        34,
        114
    ],
    "66": [
        4,
        34,
        38,
        144,
        172,
        246
    ],
    "67": [
        25,
        34,
        96,
        219,
        246
    ],
    "68": [
        18,
        25,
        52,
        156,
        157,
        219
    ],
    "69": [
        1,
        13,
        15,
        22,
        25,
        26,
        27,
        34,
        39,
        51,
        52,
        60,
        87,
        114,
        115,
        119,
        165,
        206,
        219,
        233,
        237,
        246,
        260
    ],
    "70": [
        18
    ],
    "71": [
        34,
        60,
        119,
        219,
        246
    ],
    "72": [
        18,
        34,
        64,
        219,
        227
    ],
    "73": [
        34,
        219
    ],
    "74": [
        34
    ],
    "75": [
        18
    ],
    "76": [
        18,
        34,
        144,
        145,
        219
    ],
    "77": [
        198
    ],
    "78": [
        228
    ],
    "79": [
        215,
        222,
        227
    ],
    "80": [
        13,
        18,
        25,
        26,
        34,
        52,
        119,
        126,
        157,
        165,
        166,
        178,
        188,
        200,
        211,
        219,
        221,
        227,
        229,
        231,
        261,
        274,
        282,
        284,
        285,
        287,
        288,
        289,
        292,
        295,
        297
    ],
    "81": [
        34,
        61
    ],
    "82": [
        13,
        22,
        38,
        45,
        299,
        300,
        301
    ],
    "83": [
        25,
        26,
        60,
        119,
        126,
        172,
        206,
        219
    ],
    "84": [
        61
    ],
    "85": [
        166
    ],
    "86": [
        18,
        142,
        221
    ],
    "87": [
        61
    ],
    "88": [
        22
    ],
    "89": [
        215,
        218
    ],
    "90": [
        18
    ],
    "91": [
        25,
        34,
        60,
        124,
        198,
        219,
        227,
        259,
        326,
        328
    ],
    "92": [
        16
    ],
    "93": [
        25,
        26,
        34,
        87,
        219,
        227
    ],
    "94": [
        34,
        61
    ],
    "95": [
        16,
        34
    ],
    "96": [
        16
    ],
    "97": [
        18
    ],
    "98": [
        1
    ],
    "99": [
        25,
        26,
        219,
        296,
        297
    ],
    "100": [
        1,
        4,
        13,
        15,
        16,
        17,
        25,
        26,
        34,
        51,
        52,
        60,
        64,
        78,
        87,
        114,
        115,
        119,
        124,
        126,
        143,
        154,
        157,
        165,
        169,
        172,
        178,
        180,
        200,
        206,
        211,
        219,
        232,
        237,
        246,
        252,
        258,
        268,
        269,
        288,
        289,
        295,
        296,
        297,
        309,
        310,
        314,
        315,
        324,
        326,
        327,
        342,
        343,
        344,
        345,
        346,
        348,
        349,
        350,
        351,
        352,
        353,
        354,
        355,
        356,
        357,
        358,
        359,
        360,
        362,
        364,
        365,
        368,
        371,
        372
    ],
    "101": [
        13,
        27,
        34
    ],
    "102": [
        15,
        16,
        18,
        21,
        25,
        26,
        38,
        39,
        45,
        60,
        61,
        119,
        124,
        125,
        126,
        143,
        149,
        154,
        157,
        172,
        178,
        183,
        192,
        198,
        201,
        207,
        212,
        215,
        219,
        227,
        232,
        233,
        235,
        237,
        249,
        252,
        254,
        259,
        274,
        284,
        285,
        287,
        288,
        290,
        291,
        292,
        296,
        297,
        311,
        313,
        315,
        321,
        322,
        323,
        332,
        365,
        366,
        442,
        456,
        457
    ],
    "103": [
        18
    ],
    "104": [
        18,
        34,
        52,
        219
    ],
    "105": [
        18,
        60,
        227
    ],
    "106": [
        1,
        165,
        166,
        206
    ],
    "107": [
        25,
        26,
        27,
        34,
        60,
        119,
        124,
        126,
        136,
        157,
        172,
        173,
        178,
        188,
        201,
        212,
        219,
        221,
        227,
        233,
        237,
        249,
        259,
        284,
        295,
        296,
        297,
        311,
        314
    ],
    "108": [
        295
    ],
    "109": [
        22,
        25,
        60,
        119,
        124,
        139,
        172,
        219,
        227,
        282
    ],
    "110": [
        25,
        26,
        34,
        52,
        78,
        119,
        156,
        157,
        201,
        274
    ],
    "111": [
        149
    ],
    "112": [
        1,
        7,
        13,
        15,
        16,
        17,
        18,
        22,
        25,
        26,
        27,
        34,
        47,
        51,
        52,
        60,
        64,
        105,
        114,
        115,
        119,
        126,
        142,
        145,
        165,
        180,
        206,
        219,
        227,
        235,
        246,
        252,
        262,
        269,
        272,
        284,
        312,
        314,
        322,
        332,
        333,
        334,
        336,
        337,
        338,
        339,
        363
    ],
    "113": [
        25,
        26,
        60,
        119,
        143,
        219,
        314
    ],
    "114": [
        22,
        34,
        52,
        126,
        172,
        227,
        262,
        263,
        264,
        265,
        266,
        267,
        268,
        270,
        272,
        273,
        279,
        325
    ],
    "115": [
        34,
        295,
        296,
        297
    ],
    "116": [
        34,
        126,
        172,
        219
    ],
    "117": [
        25,
        26,
        34,
        219
    ],
    "118": [
        13,
        16,
        18,
        25,
        34,
        47,
        52,
        61,
        64,
        124,
        126,
        143,
        166,
        172,
        186,
        206,
        207,
        219,
        221,
        227,
        229,
        246,
        252,
        257,
        260,
        263,
        267,
        268,
        295,
        296,
        297,
        322,
        323,
        329,
        331
    ],
    "119": [
        219
    ],
    "120": [
        13,
        15,
        21,
        25,
        34,
        294
    ],
    "121": [
        149
    ],
    "122": [
        13,
        34,
        51,
        114
    ],
    "123": [
        18,
        25,
        34,
        154,
        215,
        282,
        283
    ],
    "124": [
        18,
        34
    ],
    "125": [
        16,
        17,
        18,
        61,
        64,
        142,
        143,
        149,
        215,
        219,
        221,
        227,
        229,
        232,
        257,
        295
    ],
    "126": [
        15,
        17,
        18,
        25,
        27,
        34,
        60,
        119,
        124,
        145,
        174,
        219,
        311,
        313,
        331,
        335,
        344,
        346,
        362,
        376,
        381,
        421,
        423,
        424,
        425,
        426,
        427
    ],
    "127": [
        25,
        26
    ],
    "128": [
        7,
        13,
        15,
        17,
        22,
        25,
        26,
        27,
        47,
        52,
        60,
        114,
        119,
        124,
        126,
        136,
        139,
        142,
        143,
        151,
        157,
        166,
        168,
        169,
        172,
        173,
        201,
        206,
        209,
        219,
        221,
        227,
        295,
        333,
        334,
        363
    ],
    "129": [
        52
    ],
    "130": [
        257
    ],
    "131": [
        119,
        172,
        227
    ],
    "132": [
        34,
        52,
        325
    ],
    "133": [
        327
    ],
    "134": [
        13,
        15,
        16,
        21,
        22,
        25,
        26,
        27,
        34,
        38,
        39,
        52,
        60,
        119,
        124,
        125,
        145,
        156,
        157,
        172,
        201,
        215,
        219,
        227,
        229,
        230,
        231,
        252,
        257,
        258,
        274,
        286,
        296,
        329,
        365,
        367
    ],
    "135": [
        119,
        126,
        172,
        198,
        227,
        252,
        259
    ],
    "136": [
        1,
        13,
        15,
        21,
        25,
        34,
        45,
        47,
        126,
        145,
        158,
        169,
        172,
        206,
        227,
        252,
        365,
        366
    ],
    "137": [
        15,
        25,
        26,
        34,
        64,
        119,
        124,
        237,
        252
    ],
    "138": [
        4,
        16,
        17,
        25,
        26,
        52,
        60,
        96,
        114,
        119,
        124,
        126,
        157,
        172,
        198,
        200,
        215,
        259,
        274,
        296,
        297,
        330,
        332,
        347,
        363,
        365,
        370,
        419,
        420
    ],
    "139": [
        219
    ],
    "140": [
        60,
        124
    ],
    "141": [
        25,
        27,
        202
    ],
    "142": [
        25,
        34,
        60,
        119,
        126,
        219,
        252,
        331
    ],
    "143": [
        119,
        126,
        172,
        219,
        227
    ],
    "144": [
        296,
        297
    ],
    "145": [
        314
    ],
    "146": [
        18,
        219
    ],
    "147": [
        13,
        172
    ],
    "148": [
        119,
        172,
        269
    ],
    "149": [
        34,
        219
    ],
    "150": [
        16
    ],
    "151": [
        27
    ],
    "152": [
        34
    ],
    "153": [
        34,
        265,
        277
    ],
    "154": [
        13,
        15,
        16,
        25,
        60,
        119,
        124,
        219,
        269,
        370
    ],
    "155": [
        1,
        4,
        7,
        13,
        15,
        16,
        22,
        25,
        26,
        34,
        38,
        47,
        51,
        52,
        60,
        78,
        87,
        96,
        119,
        124,
        139,
        143,
        151,
        156,
        157,
        158,
        165,
        171,
        172,
        200,
        201,
        206,
        211,
        219,
        227,
        243,
        246,
        252,
        257,
        262,
        264,
        265,
        269,
        270,
        272,
        274,
        276,
        278,
        324,
        332,
        333,
        337,
        362,
        363,
        369,
        370,
        371,
        374,
        375
    ],
    "156": [
        18,
        142
    ],
    "157": [
        232,
        340,
        341
    ],
    "158": [
        219
    ],
    "159": [
        60,
        172,
        178,
        188,
        215,
        219,
        221,
        252
    ],
    "160": [
        232
    ],
    "161": [
        64,
        115,
        227
    ],
    "162": [
        13
    ],
    "163": [
        25,
        34,
        52,
        60,
        119,
        126,
        172,
        252,
        268,
        284,
        331,
        338,
        339,
        364
    ],
    "164": [
        25,
        64,
        119,
        219,
        284
    ],
    "165": [
        1,
        333
    ],
    "166": [
        17,
        18,
        25,
        34,
        96,
        119,
        219,
        315,
        362
    ],
    "167": [
        13,
        114
    ],
    "168": [
        16
    ],
    "169": [
        302,
        303,
        304,
        305,
        306,
        307,
        308,
        349,
        350,
        351,
        352,
        353,
        354,
        355,
        356,
        357,
        358,
        359,
        360,
        361
    ],
    "170": [
        119,
        172,
        219,
        227
    ],
    "171": [
        16
    ],
    "172": [
        34,
        126,
        172,
        227
    ],
    "173": [
        13,
        22,
        25,
        26,
        38,
        52,
        60,
        78,
        87,
        119,
        124,
        200,
        263,
        267,
        274,
        331,
        332,
        365,
        370
    ],
    "174": [
        1,
        13,
        34,
        114,
        368
    ],
    "175": [
        323
    ],
    "176": [
        18
    ],
    "177": [
        219,
        370
    ],
    "178": [
        18
    ],
    "179": [
        15,
        21,
        22,
        25,
        26,
        38,
        47,
        52,
        78,
        87,
        119,
        136,
        154,
        165,
        173,
        200,
        206,
        246,
        252,
        266,
        270,
        272,
        273,
        274,
        275,
        278,
        311,
        315,
        320,
        322,
        331,
        346,
        362,
        363,
        364,
        365,
        370,
        373,
        374,
        375,
        376
    ],
    "180": [
        13,
        15,
        16,
        17,
        47,
        64,
        77,
        145,
        232,
        365,
        421
    ],
    "181": [
        1,
        4,
        7,
        16,
        17,
        22,
        25,
        26,
        27,
        32,
        34,
        38,
        45,
        47,
        52,
        69,
        77,
        78,
        105,
        114,
        119,
        139,
        140,
        143,
        145,
        163,
        165,
        166,
        167,
        176,
        200,
        202,
        206,
        219,
        246,
        252,
        253,
        254,
        255,
        262,
        265,
        266,
        268,
        270,
        272,
        273,
        274,
        293,
        311,
        313,
        316,
        317,
        318,
        319,
        320,
        321,
        322,
        331,
        332,
        333,
        346,
        362,
        363,
        364,
        365,
        369,
        370,
        371,
        373,
        375,
        376,
        377,
        378,
        379,
        380,
        381,
        382,
        383,
        384,
        385,
        386,
        387,
        388,
        389,
        390,
        391,
        392,
        393,
        394,
        395,
        396,
        397,
        398,
        399,
        400,
        401,
        402,
        403,
        404,
        405,
        406,
        407,
        408,
        409,
        410,
        411,
        412,
        413,
        414,
        415,
        416,
        417,
        418,
        419,
        420,
        421,
        422,
        429,
        430,
        431,
        432,
        433,
        434,
        435,
        436,
        437,
        438,
        439,
        440,
        442,
        443,
        444,
        445,
        446,
        447,
        448,
        449,
        450,
        451,
        452,
        453,
        454,
        455,
        458,
        459,
        460,
        461,
        463,
        464,
        465,
        466,
        467,
        468,
        469,
        470,
        471,
        472,
        473,
        474,
        475,
        476,
        477,
        478,
        479,
        480,
        481,
        482,
        483,
        485,
        486,
        487,
        489,
        490,
        491,
        492,
        493,
        494,
        495,
        496,
        497,
        498,
        501,
        502,
        503,
        504,
        505,
        506,
        507,
        508,
        509
    ],
    "182": [
        18,
        22,
        25,
        26,
        119,
        362
    ],
    "183": [
        25,
        26
    ],
    "184": [
        246
    ],
    "185": [
        22,
        171
    ],
    "186": [
        1,
        4,
        16,
        17,
        22,
        25,
        26,
        34,
        45,
        47,
        52,
        78,
        105,
        114,
        119,
        139,
        145,
        165,
        166,
        202,
        206,
        247,
        252,
        262,
        266,
        270,
        274,
        315,
        331,
        332,
        333,
        348,
        362,
        365,
        366,
        369,
        370,
        371,
        380,
        381,
        383,
        384,
        386,
        387,
        388,
        389,
        390,
        391,
        392,
        393,
        394,
        395,
        396,
        397,
        398,
        399,
        400,
        401,
        402,
        405,
        406,
        408,
        409,
        410,
        411,
        412,
        414,
        416,
        418,
        419,
        420,
        422,
        428,
        434,
        435,
        441,
        442,
        443,
        445,
        446,
        447,
        448,
        449,
        450,
        451,
        452,
        453,
        455,
        456,
        457,
        458,
        459,
        460,
        461,
        462,
        463,
        464,
        465,
        466,
        467,
        468,
        470,
        471,
        472,
        473,
        474,
        475,
        476,
        477,
        478,
        479,
        480,
        481,
        482,
        483,
        484,
        485,
        486,
        487,
        488,
        489,
        490,
        491,
        492,
        493,
        494,
        495,
        496,
        497,
        498,
        499,
        500,
        501,
        502,
        503,
        505,
        506
    ],
    "187": [
        18,
        232
    ],
    "188": [
        365,
        444,
        451
    ],
    "189": [
        16
    ],
    "190": [
        25,
        119
    ],
    "191": [
        34,
        52,
        119,
        370
    ],
    "192": [
        446,
        462
    ],
    "193": [
        449
    ]
}